Complaint Type,Resolution Time
Noise - Residential,173.9504132231405
Illegal Parking,173.70491803278688
Graffiti,110.68656716417911
Blocked Driveway,-34.38461538461539
Traffic Signal Condition,-61.43119266055046
Air Quality,-64.88135593220339
Rodent,-76.75675675675676
Street Condition,-85.9672131147541
Heat/Hot Water,-91.61904761904762
Plumbing,-108.61016949152543
